"Reference","Value","Footprint","LCSC Part","Quantity","Description"
"U1","ESP32-C3-MINI-1","MODULE_ESP32_C3","C2933099","1","Microcontrôleur Wi-Fi/BLE avec antenne PCB intégrée"
"U2","ATGM336H-5N31","MODULE_ATGM336H","C2661271","1","Module GPS/BDS à faible coût"
"U3","BMA400","LGA-12_2x2mm","C349479","1","Accéléromètre ultra-basse consommation (détection d'accident)"
"U4","W25Q32JVSSIQ","SOIC-8_3.9x4.9mm","C82317","1","Mémoire Flash SPI 32M-bit (Stockage trames chiffrées)"
"BAT1","Lipo 3.7V 200mAh","2_PIN_1.25mm","N/A","1","Batterie de secours (Anti-glitch / Autodestruction)"
"D1","1N4148W","SOD-123","C85542","1","Diode de protection alimentation"
"R1","10k","0402","C25744","1","Résistance Pull-Up (Tamper Loop)"
"C1, C2","10uF","0603","C19702","2","Condensateurs de découplage VCC"
"J1","CONN_TAMPER","PAD_2x1","N/A","1","Pastilles pour soudure du fil anti-effraction"
